Data;DventoSI;DventoSG;Precipitacao;velocidadedovento;Njus;Nsv;Nsi;Nmon
05/01/2021;58,8;123,81;0;2,366667;0,5989;;;0,736
06/01/2021;312;247,76;1,4;2,733333;0,8203;;;0,9893
07/01/2021;45,41;208,84;0;2,266667;0,8858;;;0,9802
08/01/2021;182,56;219,64;0;3,133333;0,8063;;;0,9145
09/01/2021;28,12;188,39;0;2,5;0,8446;;;1,0229
10/01/2021;150,27;170,99;0;3,433333;1,3111;;;1,4967
11/01/2021;67,97;43,36;0;4,233333;0,9825;;;1,1633
12/01/2021;154,04;134,53;32,7;2,6;0,7034;;;0,8422
13/01/2021;52,93;134,74;0,4;3,8;0,5486;;;0,6715
14/01/2021;200,04;235,25;0;4,633333;0,7863;;;0,925
15/01/2021;128,51;226,97;0;4,2;0,8114;;;0,9383
16/01/2021;236,67;229,37;38,2;3,333333;0,7648;;;0,8883
17/01/2021;166,71;119,2;25,3;2,433333;0,8398;;;0,9718
18/01/2021;119,47;134,13;0,5;3,133333;1,2486;;;1,3705
19/01/2021;65,52;39,22;0;1,933333;0,846;;;1,0327
20/01/2021;124,35;106,66;0;2,966667;0,6487;;;0,7646
21/01/2021;75,71;125,05;0;4,9;0,58;;;0,7087
22/01/2021;172,11;186,96;0;4,533333;0,8636;;;0,9953
23/01/2021;230,45;244,83;0;3,5;0,8577;;;1,0131
24/01/2021;132,52;149,44;0;2,266667;0,7109;;;0,8365
25/01/2021;202,16;191,89;0;2,133333;0,8207;;;0,9537
26/01/2021;159,87;172,53;0;2,6;1,2347;;;1,3614
27/01/2021;74,61;47,29;37,8;1,6;0,7649;;;0,9225
28/01/2021;82,53;56,33;53,2;2,5;0,6271;;;0,8008
29/01/2021;195,52;202,93;1,7;1,233333;0,6525;;;0,7881
30/01/2021;29,48;111,16;8,9;3,533333;0,7824;;;0,8934
31/01/2021;63,4;182,7;23,2;2,266667;0,8877;;;1,0181
01/02/2021;77,59;98,59;0,2;1,9;0,7542;;;0,8614
02/02/2021;101,76;122,77;2,2;1,633333;0,8064;;;0,9231
03/02/2021;197,49;180,98;12,2;2,033333;1,2309;;;1,3665
04/02/2021;127,42;167,1;17,4;4,166667;0,6857;;;0,8783
05/02/2021;89,98;42,51;3,9;4,366667;0,7313;;;0,9219
06/02/2021;191,51;207,05;0,2;2,6;0,5217;;;0,6443
07/02/2021;153,99;244,97;0;2,066667;0,5623;;;0,6962
08/02/2021;43,7;169,91;0;2,633333;0,5022;;;0,6684
09/02/2021;64,15;54,94;3,4;2,133333;0,4532;;;0,626
10/02/2021;137,74;163,15;2,4;3,2;0,4987;;;0,6607
11/02/2021;95,9;150,68;104,3;4,3;0,6241;;;0,7695
12/02/2021;137,26;156,87;0;2,733333;0,6381;;;0,792
13/02/2021;99,94;66,57;12,2;2,4;0,5429;;;0,6912
14/02/2021;127,23;224,02;3,1;1,066667;0,4984;;;0,6362
15/02/2021;148,36;180,29;2,7;2,533333;0,5241;;;0,633
16/02/2021;80,21;140,59;16,6;3,033333;0,589;;;0,7141
17/02/2021;62,9;171,63;1,6;2,133333;0,7691;;;0,9023
18/02/2021;177,53;217,27;3,9;2,133333;0,6937;;;0,8661
19/02/2021;205,59;227,64;1,8;3,233333;0,8996;;;1,0218
20/02/2021;219,73;220,59;0;2,2;0,7606;;;0,8743
21/02/2021;95,75;160,66;0;2,8;0,8092;;;0,9736
22/02/2021;52,63;125,05;0;2,466667;1,2141;;;1,3352
23/02/2021;213,03;263,78;4,9;1,6;0,7597;;;0,9296
24/02/2021;287,08;269,83;0,9;0,9;0,6892;;;0,8957
25/02/2021;271,28;254,47;0;1,666667;0,6373;;;0,7705
26/02/2021;291,8;262,17;0;2,833333;0,6545;;;0,7911
27/02/2021;234,07;215,57;0;3,366667;0,6347;;;0,7743
28/02/2021;216,95;224,09;0;4,833333;0,62;;;0,759
01/03/2021;132,75;275,2;0,4;5,433333;0,6027;;;0,7396
02/03/2021;252,03;226,23;3;2,466667;0,6364;;;0,7534
03/03/2021;250,34;256,59;0,4;3,033333;0,5973;;;0,7225
04/03/2021;304,85;278,99;37;1,133333;0,5256;;;0,6405
05/03/2021;223,17;217,32;35,6;3,733333;0,5509;;;0,6739
06/03/2021;229,08;209,67;5,4;2,566667;0,5836;;;0,6767
07/03/2021;68,72;96,83;0;1,9;0,1609;;;0,3477
08/03/2021;40,83;60,42;0;1,466667;0,4971;;;0,6426
09/03/2021;84,03;64,32;0;1,733333;0,5711;;;0,7194
10/03/2021;159,74;175,77;11;2,6;0,6792;;;0,7923
11/03/2021;152,17;123,17;0;2,066667;0,7315;;;0,8474
12/03/2021;122,21;94,53;0;1,433333;0,7033;;;0,8321
13/03/2021;179,92;183,84;0;2,333333;0,6875;;;0,7995
14/03/2021;144,97;217,51;0;2,266667;0,7788;;;0,8557
15/03/2021;170,01;215,38;0;1,866667;0,844;;;0,9473
16/03/2021;219,26;207,84;0;3,633333;0,6667;;;0,8362
17/03/2021;251,64;228,56;8,9;3,633333;0,7013;;;0,849
18/03/2021;245,31;213,98;0;2,433333;0,8766;;;1,0415
19/03/2021;77,98;140,78;0;2,133333;0,7074;;;0,8948
20/03/2021;136,53;121,38;0;4,433333;0,8914;;;1,0287
21/03/2021;196,37;210,59;49,3;2,666667;1,2133;;;1,3244
22/03/2021;134,09;173,5;0,9;2,433333;0,9582;;;1,1509
23/03/2021;54,25;25,74;0;2,233333;0,6033;;;0,7859
24/03/2021;86,64;107,19;6,9;2,8;0,6431;;;0,7996
25/03/2021;260,53;241,21;0;3,866667;0,6896;;;0,8404
26/03/2021;35,91;198,22;31,9;1,8;0,7725;;;0,9091
27/03/2021;233,81;236,75;11,5;2,6;0,7668;;;0,8989
28/03/2021;291,83;263,85;14,2;1,666667;0,6923;;;0,8181
29/03/2021;279,96;260,93;0,8;2,9;0,6826;;;0,8177
30/03/2021;243,72;226,75;1,3;2,866667;0,719;;;0,8639
31/03/2021;213,55;219,33;3,2;2,633333;0,645;;;0,8524
01/04/2021;75,36;181,63;0,3;2,666667;0,6067;;;0,7559
02/04/2021;38,12;56,03;7,3;1,933333;0,639;;;0,754
03/04/2021;30,6;116,75;15,8;3,7;0,6389;;;0,619
04/04/2021;58,52;71,57;0;4,3;0,74;;;0,4337
05/04/2021;180,1;160,15;0;4,033333;0,6104;;;0,775
06/04/2021;155,51;132,39;0;2,566667;0,7348;;;0,8691
07/04/2021;99,4;67,03;0;4,233333;0,7192;;;0,9037
08/04/2021;125,22;152,88;0;4,266667;0,6775;;;0,8098
09/04/2021;121,85;150,28;0;1,3;0,6529;1,11;;0,8394
10/04/2021;188,14;225,06;0;1,8;0,8092;1,17;;0,9432
11/04/2021;173,41;203,64;0,6;5,466667;0,7001;1,34;;0,8405
12/04/2021;200,69;245,46;1,2;2,8;0,7813;0,98;;0,8931
13/04/2021;270,75;253,1;0;1,466667;0,823;1,25;;1,0072
14/04/2021;251,18;225,17;0;2,633333;0,644;1,35;;0,8042
15/04/2021;294,76;264,87;0;2,033333;1,0677;1,44;;1,1145
16/04/2021;228,42;231,01;1,3;0,933333;1,231;1,37;;1,3541
17/04/2021;31;148,36;0;2,133333;0,7687;1,36;;0,9693
18/04/2021;54,53;107,11;0;2,333333;0,6349;1,45;;0,817
19/04/2021;50,62;141,59;0;2,1;0,7649;1,46;;0,9166
20/04/2021;67,58;159,55;0,8;3,733333;0,8151;1,51;;0,9742
21/04/2021;190,82;194,34;0;4,1;0,7869;1,63;;0,9353
22/04/2021;246,92;229,37;0,3;3,766667;0,7251;1,67;;0,8848
23/04/2021;256,41;239,27;0;3,566667;0,721;1,59;;0,8898
24/04/2021;255,14;239,22;0,3;1,3;0,53;1,52;;0,7476
25/04/2021;125,86;205,47;0,2;4,033333;0,7213;1,21;;0,9662
26/04/2021;34,32;141,47;0;3,6;0,7537;1,13;;0,8688
27/04/2021;144,11;153;0;3,133333;0,7399;1,26;;0,8475
28/04/2021;68,11;43,42;0;2,166667;0,817;1,31;;0,9126
29/04/2021;85,65;117,76;0;0,9;0,7751;1,38;;0,9134
30/04/2021;29,74;125,76;0;0,666667;0,7667;1,42;;0,9097
01/05/2021;60,85;59,49;0;1,6;0,8107;1,42;;0,9411
02/05/2021;113,03;125,8;0;null;0,8002;1,38;;0,9669
03/05/2021;131,31;158,62;0;2,366667;0,8554;1,41;;1,0167
04/05/2021;71,23;76,22;1;3,133333;0,8666;1,17;;0,9756
05/05/2021;61,72;139,17;9,4;3,866667;0,915;1,08;;1,0276
06/05/2021;62,62;31,21;0;4,533333;0,8784;1,09;;0,9824
07/05/2021;121,96;133,91;0;3,7;0,8179;1,18;1,0141;0,9218
08/05/2021;63,87;65,25;0;3,1;0,7036;1,26;0,9334;0,8302
09/05/2021;78,9;120,12;0,4;2,866667;0,728;1,29;0,8123;0,8965
10/05/2021;69,71;229,01;0,2;2,366667;0,824;1,27;0,8651;0,9688
11/05/2021;161,56;254,14;5,4;2,766667;0,6951;1,08;1,0755;0,8231
12/05/2021;153,33;170,53;0;2,466667;1,1484;1,17;0,9864;0,8777
13/05/2021;111,43;128,75;0;1,3;1,212;1,24;0,8721;1,3209
14/05/2021;154,31;193,83;0;0,966667;0,6645;1,21;0,8751;0,8753
15/05/2021;127,59;183,64;0;0,8;0,5621;1,22;0,8559;0,7476
16/05/2021;116,05;96,15;0;1,633333;0,7244;1,22;0,8386;0,8336
17/05/2021;165,55;145,18;0;2,6;0,7155;1,14;0,8732;0,863
18/05/2021;158,67;178,04;0;2,566667;0,6838;1,09;0,9175;0,8322
19/05/2021;193,18;255,43;0;2,033333;0,7112;1,13;0,8378;0,8308
20/05/2021;56,68;85,91;0;1,533333;0,6324;1,15;0,7971;0,7951
21/05/2021;45,49;77,37;0;2,1;0,656;1,18;0,7089;0,8097
22/05/2021;41,2;44,9;7,2;3,966667;0,7049;1,43;0,6324;0,8707
23/05/2021;34,54;112,46;0;7,066667;0,7161;1,25;0,6769;0,8635
24/05/2021;50,23;124,56;0;4,866667;0,7228;0,85;1,0716;0,8438
25/05/2021;53,23;29,37;0;3,3;0,7404;1,13;0,7822;0,9077
26/05/2021;36,58;101,42;0;1,133333;0,6565;1,12;0,7787;0,8183
27/05/2021;200,82;183,55;0;2,233333;0,8402;1,11;0,7781;0,9626
28/05/2021;302,26;278,77;0;2,833333;0,9957;1,14;0,7236;1,1329
29/05/2021;83,85;47,17;11,8;3,466667;1,0338;0,93;0,9249;1,173
30/05/2021;100,86;152,33;0;2,466667;1,042;0,97;0,8713;1,1554
31/05/2021;94,42;64,96;0;2,066667;1,0928;1,13;0,7667;1,1986
01/06/2021;69,92;128,75;0;1,8;0,9823;1,1;0,7774;1,1237
02/06/2021;213,76;201,34;0;2,866667;0,902;1,04;0,7958;1,0481
03/06/2021;205,37;191,61;0;1,166667;0,874;1,06;0,7829;1,0748
04/06/2021;133,23;170,91;0;2,633333;0,6157;1,12;0,6888;0,744
05/06/2021;64,36;121,87;0;3,3;0,6906;1,09;0,7398;0,7708
06/06/2021;73,18;99,19;14,8;2,166667;0,771;1,01;0,8392;0,8699
07/06/2021;73;48,39;0;2,766667;0,7422;1,1;0,7482;0,8589
08/06/2021;119,3;169,75;0;3,1;0,7734;1,17;0,6925;0,9512
09/06/2021;198,76;179,13;4,7;4,9;1,2583;1,21;0,5988;1,3713
10/06/2021;119,72;100,15;0,5;2,066667;0,727;1,13;0,7603;0,8975
11/06/2021;81,5;52,39;0;3,5;0,5741;0,97;0,9286;0,7769
12/06/2021;197,99;194,67;0;2,566667;0,9935;1,12;0,7953;1,1556
13/06/2021;187,86;172,58;0;1,866667;1,1044;1,16;0,764;1,2664
14/06/2021;104,81;93,25;0;2,033333;1,2786;1,16;0,7866;1,4357
15/06/2021;114,52;117,66;0,2;3;1,4081;0,96;0,996;1,5496
16/06/2021;171,96;187,24;0;3,3;1,4445;0,96;1,0312;1,553
17/06/2021;111,71;95,82;0;2,1;1,3659;0,99;0,8989;1,4805
18/06/2021;50,42;21,06;0;1,866667;1,3277;1,07;0,8537;1,4395
19/06/2021;154,38;204,2;0,6;2,2;1,4011;1,11;0,8226;1,5116
20/06/2021;98,3;147,17;6,4;2,366667;1,3845;1,04;0,8953;1,5303
21/06/2021;140,36;246,76;1,3;1,366667;1,4934;1,1;0,8443;1,6425
22/06/2021;206,97;193,22;0,5;2,533333;1,5499;1,15;0,7844;1,6968
23/06/2021;276,28;258,39;0,3;6,366667;1,4533;1,33;0,5105;1,6137
24/06/2021;73,43;45,45;37,2;4,6;1,4397;1,49;0,4012;1,573
25/06/2021;108,23;81,07;4;2,233333;1,3907;1,21;0,9381;1,5164
26/06/2021;106,88;66,57;0;2,166667;1,3339;1,32;0,8611;1,4564
27/06/2021;45,89;65,24;26,8;5,133333;1,3088;1,17;1,1566;1,4329
28/06/2021;144,62;209,38;0;4,866667;1,2921;1,45;1,0499;1,4101
29/06/2021;186,88;169,04;0,2;6,133333;1,2825;1,13;1,2944;1,445
30/06/2021;174,4;157,67;0;1,466667;0,5359;1,24;1,2084;0,6946
01/07/2021;134,06;134,79;0;2,033333;0,5653;1,46;1,0082;0,7687
02/07/2021;155,78;157,49;0;1,7;0,7455;1,48;1,0055;0,8606
03/07/2021;59,49;123,27;0;1,366667;0,7742;1,41;1,1184;0,8867
04/07/2021;49,85;107,78;0;0,766667;0,9572;1,44;1,0842;1,1467
05/07/2021;120,64;136,64;0;1,366667;1,2181;1,44;1,0881;1,3943
06/07/2021;144;133,22;0;4,066667;0,79;1,48;1,0425;0,9303
07/07/2021;145,4;188,9;0;1,533333;0,5546;1,52;1,0183;0,7606
08/07/2021;250,66;236;0;1,4;1,0919;1,45;1,0773;1,2057
09/07/2021;309,2;293,26;0;2,366667;1,0952;1,55;0,9697;1,2063
10/07/2021;253,92;181,49;0;2;1,0609;1,46;1,0283;1,199
11/07/2021;176,35;154,86;0;2,033333;1,107;1,42;1,0675;1,2386
12/07/2021;87,7;85,37;0;2,433333;1,0166;1,5;0,9891;1,1476
13/07/2021;57,72;29,05;0;0,266667;1,0638;1,42;1,0425;1,1781
14/07/2021;50,25;23,52;3;1,933333;1,0649;1,38;1,1118;1,1744
15/07/2021;52,41;24,11;16,5;2,033333;1,0313;1,43;1,166;1,135
16/07/2021;239,86;215,05;0,3;2,566667;1,0196;1,5;1,1359;1,1273
17/07/2021;243,61;219,22;0;3,233333;0,9283;1,53;1,1614;1,0483
18/07/2021;139,32;124,07;0;7,833333;0,9905;1,29;1,4635;1,0964
19/07/2021;198,09;213,58;0,3;4,266667;0,9493;0,99;1,7357;1,0824
20/07/2021;141,93;174,26;0;1,8;0,9651;1,56;1,2004;1,068
21/07/2021;44,05;75,38;0;1,8;0,9873;1,56;1,1428;1,0905
22/07/2021;96,29;65,19;0;2,1;0,9989;1,61;1,1475;1,1018
23/07/2021;95,02;99;0;1,7;0,9807;1,62;1,1418;1,0769
24/07/2021;56,03;27,99;0;1,533333;1,0075;1,59;1,1794;1,1204
25/07/2021;67,66;115,74;0;2,166667;1,0131;1,63;1,1485;1,1972
26/07/2021;52,81;34,07;0,5;2,8;1,0054;1,49;1,2987;1,1925
27/07/2021;122,11;181,98;45,8;4,2;0,6635;1,35;1,5372;0,8124
28/07/2021;180,97;170,97;0;5,2;0,5636;1,29;1,5689;0,7151
29/07/2021;115,15;138,27;1,7;4,466667;0,7759;1,32;1,5339;0,9038
30/07/2021;101,57;137,79;0;0,4;0,7205;1,59;1,2304;0,8328
31/07/2021;24,44;205,4;0;1,666667;1,051;1,61;1,1708;1,2121
01/08/2021;120,58;202,12;0;2,066667;1,2033;1,55;1,2229;1,4263
02/08/2021;221,67;207,88;0;2,766667;0,7268;1,5;1,2469;0,8514
03/08/2021;180,5;160,59;0;0,966667;0,4743;1,56;1,2014;0,6929
04/08/2021;83,91;167,86;0;1,266667;0,7343;1,59;1,1625;0,8754
05/08/2021;53,76;183,94;0,8;3,166667;0,7097;1,61;1,1064;0,9235
06/08/2021;174,09;230,63;0,3;2,633333;0,5953;1,64;1,0795;0,7883
07/08/2021;146,55;127,32;0;1,866667;0,5867;1,6;1,0759;0,7817
08/08/2021;115,31;119,23;0;1,633333;0,796;1,55;1,0976;0,9462
09/08/2021;286,47;272,17;0,3;3;0,6289;1,35;1,2048;0,7885
10/08/2021;232,3;217,57;13,4;3,3;0,5562;1,33;1,3552;0,7073
11/08/2021;219,54;228,62;0,6;3,3;0,6099;1,43;1,2753;0,726
12/08/2021;278,67;263,61;0;1,733333;0,5791;1,52;1,1538;0,7184
13/08/2021;32,05;135,85;0;2,166667;0,633;1,52;1,1306;0,7487
14/08/2021;137,39;174,07;0;2,033333;0,7806;1,56;1,0916;0,916
15/08/2021;36,53;87,2;0;1,633333;0,7159;1,51;1,1376;0,837
16/08/2021;73,18;123,05;0;1,5;0,5772;1,55;1,0606;0,7535
17/08/2021;84,57;55,18;0;1,566667;0,6037;1,55;1,1005;0,7849
18/08/2021;53,27;108,97;15,8;4,766667;0,6793;1,58;1,017;0,8446
19/08/2021;64,38;175,41;3,9;3,033333;0,5714;1,55;1,0437;0,7104
20/08/2021;92,5;76,29;3,9;1,966667;0,4572;1,46;1,214;0,6146
21/08/2021;94,4;59,09;1,1;2,4;0,5921;1,56;1,0896;0,8134
22/08/2021;153,75;146,38;3,1;3,033333;0,7035;1,63;1,0677;0,8061
23/08/2021;119,41;100,17;5,2;2,033333;0,6778;1,51;1,1538;0,8031
24/08/2021;84,33;50,86;39,7;4,3;0,7913;1,52;1,1659;0,9199
25/08/2021;54,63;19,58;19,6;3,533333;0,7413;1,31;1,4176;0,846
26/08/2021;97,17;193,25;28;2,433333;0,9723;1,44;1,4032;1,0822
27/08/2021;84;124,64;0,2;1,566667;1,1539;1,6;1,239;1,326
28/08/2021;169,06;157,01;0;2,766667;0,6975;1,64;1,1936;0,8166
29/08/2021;149,4;139,71;0;3,066667;0,4851;1,64;1,1474;0,6811
30/08/2021;68,75;96,01;0;3,7;0,47;1,65;1,114;0,6789
31/08/2021;54,55;152,24;0;3,633333;0,6526;1,71;1,0667;0,8018
01/09/2021;116,53;206,21;0;2,133333;0,6234;1,63;1,1452;0,8559
02/09/2021;176,5;173,31;0;1,566667;0,5164;1,5;1,2191;0,704
03/09/2021;87,25;111,27;6,1;3,4;0,57;1,44;1,3599;0,7588
04/09/2021;53,84;137,23;0;2,633333;0,5833;1,59;1,1911;0,7637
05/09/2021;52,21;33,38;2,7;2,1;0,5459;1,6;1,1792;0,6406
06/09/2021;82,46;112,09;0,8;4,7;0,4207;1,64;1,1203;0,6445
07/09/2021;61,21;55,18;0;6,033333;0,5239;1,9;0,8983;0,7369
08/09/2021;172,42;144,25;61,2;4,866667;0,4668;2,08;0,7214;0,6453
09/09/2021;167,91;145,15;2,3;3,2;0,5166;1,8;1,2071;0,6758
10/09/2021;194,97;189,93;0;null;0,5234;1,63;1,4494;0,7032
11/09/2021;189,04;207,92;0;2,033333;0,3662;1,66;1,47;0,5872
12/09/2021;249,7;225,21;0;4,566667;0,556;1,95;1,1752;0,7605
13/09/2021;87,07;155,93;15,8;2,433333;0,4789;2,05;1,3729;0,6718
14/09/2021;189,2;207,49;46,7;3,1;0,456;1,86;1,7353;0,6474
15/09/2021;69,56;87,59;0,2;2,633333;0,4737;2,04;1,8472;0,6054
16/09/2021;166,3;150,84;0;null;0,495;2,21;1,8391;0,4761
17/09/2021;205,38;192,85;0;3,733333;0,4035;2,37;1,7854;0,6351
18/09/2021;60,86;80,32;1,7;1,866667;0,4415;2,32;1,9119;0,6711
19/09/2021;74,89;83,73;1,4;3,533333;0,5269;2,4;1,9086;0,8302
20/09/2021;39,4;148,62;40;2,633333;0,563;2,44;1,9329;0,7696
21/09/2021;119,19;146,43;37,6;4,566667;0,6777;2,11;2,4055;0,8567
22/09/2021;93,22;151,34;0;4,666667;0,6582;2,49;2,0991;0,8873
23/09/2021;175,5;249,92;0;4,2;0,947;2,59;2,0412;0,9203
24/09/2021;181,16;155,89;0;4,466667;1,1895;2,41;2,2504;1,1196
25/09/2021;79,02;108,93;1,7;2,9;1,3068;2,47;2,2279;1,3945
26/09/2021;106,83;94,53;0,6;2,266667;1,0643;2,54;2,1273;1,2189
27/09/2021;52,47;75,46;0;1,666667;;2,53;2,1187;0,9789
28/09/2021;126,83;189,8;0;3,3;;2,44;2,1599;1,0096
29/09/2021;149,61;171,09;0,8;3,466667;;2,53;2,0817;0,6177
30/09/2021;115,51;143,11;0;6,233333;0,494;2,81;1,6803;0,6104
01/10/2021;108;146,43;26,6;4,366667;0,3732;2,43;2,142;0,4596
02/10/2021;128,54;186,18;0;2,366667;0,3344;2,51;2,083;0,5853
03/10/2021;164,41;144,34;0;2,966667;0,3679;2,41;2,1331;0,651
04/10/2021;129,52;116,16;0;3,266667;0,3487;2,39;2,1754;0,6254
05/10/2021;113,61;108,88;0;2,133333;0,5055;2,52;2,002;0,7489
06/10/2021;55,2;96,53;0;3,9;0,4265;2,37;2,0793;0,6508
07/10/2021;146,2;238,26;0;2,3;0,3148;2,26;2,1647;0,6546
08/10/2021;78,58;180,86;0;2,833333;0,3935;2,4;1,9729;0,4593
09/10/2021;50,68;137,3;0;4,6;0,3135;2,46;1,8669;0,6072
10/10/2021;173,43;265,65;1,4;5,733333;0,3202;2,51;1,763;0,627
11/10/2021;137,88;117,94;0,2;4,9;0,3341;2,63;1,6058;0,6668
12/10/2021;160,84;153,2;13,6;1,833333;0,3673;2,4;1,9143;0,6713
13/10/2021;233,74;213,8;0;3,733333;0,4371;2,41;1,8665;0,7439
14/10/2021;178,32;235,65;3,8;3,433333;0,6137;2,35;1,897;0,911
15/10/2021;78,81;145,29;0;4,333333;0,5864;2,05;2,1506;0,8005
16/10/2021;186,49;207,15;14,6;4,4;0,4643;2,19;2,0266;0,7218
17/10/2021;185,81;182,64;0;2,4;0,4818;2,32;1,8801;0,5702
18/10/2021;169,63;191,24;0;2,533333;0,3698;2,3;1,8573;0,6189
19/10/2021;180,92;189,57;0;2,866667;0,3555;2,32;1,7976;0,5533
20/10/2021;233,26;218,13;0;3,666667;0,4618;2,35;1,7377;0,6889
21/10/2021;214,56;239,34;0;2,5;0,5753;2,27;1,7793;0,7378
22/10/2021;186,97;144,56;0;2,7;0,6231;2,27;1,7473;0,6772
23/10/2021;39,66;144,34;0;2,966667;0,7669;2,22;1,7618;0,8926
24/10/2021;85,62;108,25;18,4;4,366667;0,8969;2,08;1,9114;1,0082
25/10/2021;114,91;114,54;0;3,733333;1,0883;2,28;1,6696;1,0398
26/10/2021;49,72;117,54;0;1,6;1,2958;2,17;1,7123;1,376
27/10/2021;46,74;128,49;0;2,233333;1,0543;2,15;1,6929;1,1958
28/10/2021;200,76;254,83;0;3,933333;;2,16;1,6255;0,8918
29/10/2021;196,44;194,12;0;6,8;;2,31;1,4274;0,8149
30/10/2021;208,36;186,24;0,2;7,533333;;2,4;1,2987;0,7707
31/10/2021;73,15;72,57;0;5,7;0,6161;2,2;1,4844;0,8987
01/11/2021;143,75;185,13;0;4,6;0,5303;2,13;1,5245;0,7839
02/11/2021;48,56;116,08;0;4,5;0,5766;2,18;1,4442;0,8272
03/11/2021;57,71;201,64;5,5;3,6;0,5777;2,16;1,4137;0,6885
04/11/2021;261,02;260,22;10,1;3,233333;0,5422;2,02;1,527;0,7809
05/11/2021;72,51;96,52;0;3,3;0,6237;1,77;1,6721;0,8362
06/11/2021;92,74;92,29;2,2;2,966667;0,4967;1,76;1,7064;0,6748
07/11/2021;165,45;168,19;0;2,2;0,4919;1,9;1,536;0,6707
08/11/2021;44,09;250,15;0;2,3;0,5195;1,92;1,4803;0,7248
09/11/2021;128,2;100,89;0;2,966667;0,578;1,91;1,4418;0,8896
10/11/2021;217,24;209,4;0;4,033333;0,509;1,9;1,4035;0,7851
11/11/2021;83,46;140,26;0;4,8;0,5409;1,92;1,336;0,5981
12/11/2021;65,8;237,13;0;6,533333;0,4651;1,95;1,2446;0,643
13/11/2021;208,67;197,6;0;7,8;0,4352;2,11;1,0287;0,6878
14/11/2021;175,87;196,45;0;2,4;0,5425;2,09;1,1007;0,5445
15/11/2021;200,5;191,26;0;5,2;0,3789;1,86;1,2501;0,6494
16/11/2021;149,04;131,38;0;2,666667;0,3475;1,84;1,1814;0,5965
17/11/2021;176,87;187,28;13,7;3,8;0,4799;1,49;1,5887;0,6719
18/11/2021;162,86;170,48;0;2,6;0,563;1,74;1,2866;0,8228
19/11/2021;169,62;144,04;0;2,3;0,6351;1,79;1,1958;0,4873
20/11/2021;71,6;59;0;3,1;0,7477;1,78;1,1129;0,8569
21/11/2021;59;152,13;0;2,066667;0,8543;1,68;1,2045;1,0211
22/11/2021;184,55;239,91;0;2;1,024;1,71;1,1469;1,1082
23/11/2021;207,3;194,05;0,1;3,266667;1,2984;1,41;1,4189;1,3915
24/11/2021;183,91;178,84;0;4,5;1,0535;1,73;1,0408;1,1888
25/11/2021;75,09;62,79;0;4,366667;;1,75;0,96;0,9474
26/11/2021;38,07;156,99;12,4;5,733333;;1,23;1,3214;0,8504
27/11/2021;44,26;253,05;1,9;2,533333;;1,45;1,2066;0,6942
28/11/2021;203,74;241,4;1,2;2,5;0,6041;1,56;1,0355;0,8118
29/11/2021;271,22;284,47;0,6;6;0,6183;1,55;1,0696;0,8613
30/11/2021;292,26;271,99;0;6;0,5857;1,06;1,4747;0,8269
01/12/2021;265,94;262,23;0;2,3;0,7742;1,39;1,1204;0,6436
02/12/2021;206,23;169,12;0;3,533333;0,5678;1,45;0,9969;0,657
03/12/2021;71,84;269,67;0;5,266667;0,6168;1,51;0,8917;0,8358
04/12/2021;228,63;215,96;0;5,266667;0,7514;1,44;0,9319;0,975
05/12/2021;223,97;217,49;0;3,833333;0,7017;1,42;0,9344;0,8853
06/12/2021;125,71;253,78;0;4,566667;0,7988;1,38;0,9212;0,5472
07/12/2021;144,98;185,44;0,3;4,3;0,6749;1,42;0,8535;0,3181
08/12/2021;76,25;80,18;0;1,9;0,5066;1,49;0,7456;0,6156
09/12/2021;207,79;204,2;0;2,633333;0,5355;1,38;0,7876;0,6813
10/12/2021;159,43;133,6;0;1,5;0,4593;1,35;0,8028;0,7275
11/12/2021;97,68;117,63;0;2,8;0,4872;1,3;0,8047;0,686
12/12/2021;50,44;146,33;0;2,666667;0,5629;1,37;0,6926;0,789
13/12/2021;178,54;168,3;0;1,366667;0,559;1,31;0,696;0,7603
14/12/2021;183,22;188,16;14,6;3,9;0,6177;1,29;0,7451;0,5379
15/12/2021;154,51;158,58;6,7;2,2;0,5419;1,29;0,7492;0,7663
16/12/2021;127,59;122,72;8,5;2,833333;0,6941;1,03;0,9383;0,8554
17/12/2021;144,34;123,84;0;4,2;0,457;1,15;0,8142;0,6332
18/12/2021;217,79;196,75;1,6;5,833333;0,4439;1,3;0,6377;0,6902
19/12/2021;225,25;207,66;0;3,1;0,5813;1,46;0,4218;0,6994
20/12/2021;213,95;194,49;0;1,733333;0,5375;1,2;0,6829;0,7632
21/12/2021;186,75;173,01;0,2;1,333333;0,6534;1,16;0,7117;0,8795
22/12/2021;135,34;144,86;0;2,966667;0,9127;1,1;0,749;0,7507
23/12/2021;61,32;112,1;0;1,166667;1,0286;1,11;0,7033;1,0374
24/12/2021;53,39;112,3;0;4;1,3415;1,19;0,6055;1,4437
25/12/2021;49,76;111,5;0;1,433333;1,0161;1,32;0,4498;1,1392
26/12/2021;92,74;249,01;2,6;2,033333;;1;0,6786;0,9439
27/12/2021;173;174,83;0;1,8;;1,03;0,6202;0,8181
28/12/2021;256,63;240,5;0;2,933333;;1,1;0,5565;0,6126
29/12/2021;140,12;278,14;0;5,2;0,5914;1,23;0,3882;0,7729
30/12/2021;121,98;307,75;0;6;0,5601;1,33;0,2499;0,7784
31/12/2021;193,68;160,27;0;1,333333;0,5756;1,06;0,4986;0,7613
01/01/2022;139,61;259,31;5,2;2,133333;0,5699;1,12;0,439;0,7295
02/01/2022;171,43;162,22;0;2,166667;0,5796;1,13;0,3903;0,668
03/01/2022;217,21;208,02;0,4;2,233333;0,6379;1,07;0,4474;0,5872
04/01/2022;174,71;162,54;0;1,266667;0,4668;1,08;0,4335;0,6178
05/01/2022;178,91;162,77;5,4;1,733333;0,4788;0,53;0,7975;0,5171
06/01/2022;142,17;223,7;0;2,633333;0,4925;0,85;0,5575;0,5791
07/01/2022;62,3;185,04;0;3,133333;0,5349;0,96;0,4096;0,685
08/01/2022;151,82;159,53;0;4,633333;0,5495;1,03;0,306;0,7712
09/01/2022;201,79;142,32;0,3;4,966667;0,5691;1,15;0,1072;0,5512
10/01/2022;141,39;161,79;0;1,666667;0,5191;1,03;0,2888;0,3334
11/01/2022;209,11;193,25;0;1,4;0,508;0,96;0,3905;0,6201
12/01/2022;196,61;207,58;0;2,733333;0,5387;0,8;0,4389;0,5141
13/01/2022;120,54;132,37;0;2,4;0,5894;0,9;0,3266;0,8204
14/01/2022;66,44;97,86;0;2,5;0,6564;1,04;0,1966;0,8964
15/01/2022;104,25;87,04;0;3,833333;0,7068;0,91;0,331;0,8902
16/01/2022;149,13;147,67;6,2;1,466667;0,5949;1;0,3741;0,8039
17/01/2022;146,42;140,95;37,9;2,066667;0,4716;0,87;0,3954;0,7447
18/01/2022;111,56;148,58;8,3;1,266667;0,4965;0,77;0,511;0,688
19/01/2022;205,69;198,09;0;3,266667;0,6307;0,96;0,3712;0,7499
20/01/2022;268,93;252,56;0;2,833333;0,6702;0,88;0,403;0,8819
21/01/2022;254,2;245,67;7;2,3;0,8748;1,08;0,1924;0,836
22/01/2022;213,14;193,75;0;1,633333;0,9255;0,93;0,337;1,1075
23/01/2022;233,13;213,36;10,4;1,233333;1,4013;0,84;0,4134;1,5227
24/01/2022;271,51;259,77;5,2;2,033333;1,0633;0,86;0,436;1,168
25/01/2022;255,14;246,76;7,8;1,666667;;0,88;0,385;0,85
26/01/2022;199,9;153,69;0;2,766667;;0,84;0,4753;0,8163
27/01/2022;38,72;166,66;0,6;3;;0,55;0,7403;0,6648
28/01/2022;73,71;169,48;0;3,3;0,7577;0,83;0,4985;0,8541
29/01/2022;149,62;219,19;0;3,2;0,7284;0,92;0,435;0,8086
30/01/2022;163,43;147,95;0;4,033333;0,7695;1,06;0,2953;0,9938
31/01/2022;168,43;219,42;0;3,033333;0,6857;1;0,4636;0,8842
01/02/2022;145,59;133,97;0;2,033333;0,5965;0,92;0,5815;0,7664
02/02/2022;207,03;190,58;0;4;0,8271;1,11;0,4233;0,9027
03/02/2022;252,36;236,69;0;4,233333;0,8101;1,15;0,4243;0,923
04/02/2022;245,02;228,05;42,9;1,233333;0,9098;0,99;0,5316;0,8391
05/02/2022;137,36;134,32;1,1;1,633333;0,9126;0,98;0,595;0,8004
06/02/2022;252,68;236,07;3,4;3,3;0,8866;0,83;0,7738;0,8057
07/02/2022;167,29;186,59;0,2;4,3;0,8494;0,68;0,8673;0,7566
08/02/2022;69,29;128,24;0;2,366667;0,8211;0,81;0,7284;0,7475
09/02/2022;152,24;76,4;0;1,8;0,8042;0,98;0,551;0,8135
10/02/2022;197,65;185,67;0;4,7;0,8498;1,09;0,4109;0,9456
11/02/2022;57,88;74,89;0;4,033333;0,8479;1,18;0,3174;0,8334
12/02/2022;98,56;174,56;0;1,9;0,7905;1,06;0,4645;0,863
13/02/2022;55,34;30,36;0;3,433333;0,8092;0,77;0,8233;0,9198
14/02/2022;87,39;145,15;0;3,2;0,8425;0,87;0,6417;1,0292
15/02/2022;100,09;57,89;0;1,4;0,9388;0,94;0,5691;1,0082
16/02/2022;87,04;106,69;0;3,133333;0,5959;1,05;0,4098;0,7497
17/02/2022;202,39;157,08;0;2,066667;0,4801;0,95;0,4964;0,7095
18/02/2022;45,67;109,56;0;3,2;0,5366;0,89;0,5436;0,805
19/02/2022;66,02;127,09;0;2,933333;0,5481;0,99;0,4079;0,6282
20/02/2022;117,1;147,59;0;2,866667;0,7678;1,06;0,3857;0,8323
21/02/2022;195,51;206,76;0;1,133333;0,8712;0,99;0,4578;0,9285
22/02/2022;272,06;259,08;0;2,7;0,9342;0,75;0,6688;1,0612
23/02/2022;227,25;160,47;0;2,533333;1,6163;0,77;0,6066;1,7371
24/02/2022;185,79;150,75;0;3,8;1,0897;1,01;0,328;1,1817
25/02/2022;169,65;162,46;0;1,2;;0,96;0,1744;1,032
26/02/2022;175,26;172,48;0;3,066667;;0,93;0,147;0,847
27/02/2022;155,56;150,71;0;1,9;;1,11;0,0449;0,6911
28/02/2022;185,71;182,46;41,2;1,966667;0,9511;0,88;0,2078;0,9184
01/03/2022;214,76;199,09;1;1,633333;0,9823;0,78;0,3291;0,7611
02/03/2022;197,78;178,1;0;1,866667;0,9691;0,94;0,2012;0,8063
03/03/2022;126,77;178,1;0;1,9;0,9784;0,83;0,2702;0,8284
04/03/2022;206,05;171,56;0;1,9;0,9024;0,94;0,1544;0,9255
05/03/2022;259,57;246,38;0;2,833333;0,8831;0,95;0,1555;0,9974
06/03/2022;249,68;217,83;23,9;1,966667;1,0377;0,87;0,2463;0,8478
07/03/2022;86,42;61,99;0;2,533333;1,0152;1,04;0,1914;0,8826
08/03/2022;245,03;227,5;15,6;2,6;1,0161;0,88;0,3053;0,8526
09/03/2022;164,43;238,52;0;2,966667;1,027;1,01;0,1589;1,0409
10/03/2022;78,2;164,19;26,3;4,133333;1,0455;0,78;0,3145;1,0016
11/03/2022;129,12;78,93;0,4;2,333333;1,0239;0,71;0,4974;0,9863
12/03/2022;165,35;89,23;0;2,566667;0,939;0,83;0,3609;1,1059
13/03/2022;180,39;210,23;0;2,533333;1,0432;0,89;0,2997;0,9868
14/03/2022;130,41;108,55;0,6;1,233333;1,0874;0,86;0,3512;0,9006
15/03/2022;87,87;96,84;1,1;2,066667;1,0065;0,93;0,3056;1,0533
16/03/2022;203,29;224,12;0;4,966667;0,8803;0,98;0,1469;1,0607
17/03/2022;104,07;69,16;0;2,866667;1,0425;1,07;0,152;1,0826
18/03/2022;82,04;69,61;0;3,3;0,4886;0,77;0,37;0,6686
19/03/2022;79,41;150,46;22,3;4,533333;0,5159;0,41;0,7773;0,7727
20/03/2022;40,79;111,65;0;2,8;0,5456;0,73;0,4688;0,7068
21/03/2022;49,21;157,74;0;4,566667;0,6571;1,02;0,0985;0,6138
22/03/2022;142,41;194,03;0;4,833333;0,7994;1,14;-0,052;0,8322
23/03/2022;261,67;243,6;1,3;2,766667;0,7151;0,93;0,1507;0,7999
24/03/2022;207,62;217,25;6,5;2,266667;0,9241;0,92;0,2361;1,1045
25/03/2022;112,74;164,76;0;3,066667;1,7395;0,97;0,2557;1,8638
26/03/2022;28,77;130,69;0;2,933333;0,9932;0,89;0,2699;1,1036
27/03/2022;167,55;198,16;0;3,066667;;0,83;0,3204;0,9111
28/03/2022;84,04;73,07;0;1,533333;;0,84;0,2636;0,8258
29/03/2022;74,71;89,54;0;2,7;;1,01;0,0758;0,5897
30/03/2022;90,42;91,76;14,8;4,9;1,0495;0,55;0,6216;1,1643
31/03/2022;122,51;86,73;0;3,466667;1,0574;0,54;0,5766;1,2061
01/04/2022;42,51;45,5;0;2,466667;1,045;0,72;0,3684;1,2184
02/04/2022;38,79;141,37;0;3;1,2094;0,83;0,2027;1,337
03/04/2022;204,32;219,46;3,5;3;1,3665;0,95;0,0519;1,4841
04/04/2022;229,44;220,46;2,7;2,633333;1,4688;0,73;0,3109;1,5735
05/04/2022;105,51;185,74;0;0,9;1,4804;0,81;0,2475;1,5963
06/04/2022;79,61;175,03;0;2,6;1,452;0,88;0,1525;1,5447
07/04/2022;85,17;48,61;0;2,8;1,3684;0,88;0,1439;1,468
08/04/2022;213,34;194,52;0;2,7;1,366;0,81;0,21;1,4513
09/04/2022;194,34;169,6;0,2;2,666667;1,3842;0,84;0,2031;1,4617
10/04/2022;90,66;48,85;0;3,066667;1,3683;0,89;0,0972;1,4461
11/04/2022;70,04;126,49;0;2,466667;1,3444;0,98;0,0032;1,4263
12/04/2022;65,08;89,64;0;2,3;1,3233;0,71;0,3131;1,4075
13/04/2022;61,53;144,65;0;2,766667;1,2825;0,71;0,3054;1,3832
14/04/2022;134;110;0;4,633333;1,2817;0,52;0,4528;1,3814
15/04/2022;100,38;124,92;0;2,6;1,2257;0,62;0,3633;1,3494
16/04/2022;243,12;295,42;0;2,066667;1,3063;0,73;0,2477;1,3936
17/04/2022;114,44;89,46;1,2;2,633333;1,3334;0,75;0,1934;1,4129
18/04/2022;53,16;122,31;0;2,366667;0,5539;0,79;0,1259;0,5645
19/04/2022;125,05;93,56;1;1,366667;0,5342;0,81;0,1423;0,7313
20/04/2022;47,51;89,56;0;2,333333;0,5509;0,88;0,1282;0,8127
21/04/2022;123,71;128,9;0;1,866667;0,6612;0,85;0,3271;0,6952
22/04/2022;215,89;189,22;0;1,266667;0,8264;0,74;0,4474;0,7672
23/04/2022;47,45;195,26;22,1;3,566667;0,8259;0,61;0,6447;0,8107
24/04/2022;221,54;204,86;0;4,566667;0,9926;0,85;0,3051;1,1167
25/04/2022;213,8;210,78;0;4,133333;1,6872;1,03;0,1074;1,8096
26/04/2022;80,03;119,26;39,7;2,4;1,011;0,81;0,397;1,1205
27/04/2022;182,39;187,96;0;3,133333;;0,94;0,3221;0,9199
28/04/2022;166,59;171,6;67,4;3,366667;;0,81;0,5694;0,7995
29/04/2022;49,27;145,1;14,6;3,2;;0,67;0,7339;0,6662
30/04/2022;35,63;113,77;0;1,666667;1,379;0,86;0,5633;1,4645
01/05/2022;53,69;147,99;0;2,133333;1,3372;0,83;0,6139;1,4265
02/05/2022;180,41;172,03;0;2,966667;1,3339;0,78;0,6376;1,4293
03/05/2022;120,34;134,86;0,6;2,133333;1,2854;0,87;0,5843;1,4105
04/05/2022;195,92;178,89;1,2;2,4;1,3391;0,87;0,62;1,4339
05/05/2022;181,21;183,65;0;1,233333;1,2875;0,89;0,6225;1,4301
06/05/2022;45,46;120,73;0;1,033333;1,2622;0,95;0,5752;1,404
07/05/2022;54,9;72,79;0;1,066667;1,2824;0,95;0,5819;1,3917
08/05/2022;61,62;29,65;0;1,3;1,256;1,01;0,5234;1,3652
09/05/2022;106,43;129,85;0;1,533333;1,2427;0,95;0,5908;1,3522
10/05/2022;64,88;79,32;0;1,2;1,2193;0,92;0,6254;1,3255
11/05/2022;55,91;97,87;1;3,566667;1,1809;0,74;0,8036;1,2915
12/05/2022;138,27;151,54;0;2,366667;1,1796;0,81;0,7405;1,286
13/05/2022;189,92;170,47;0;1,333333;1,1411;0,94;0,5938;1,2533
14/05/2022;56,73;47,1;0;1,866667;1,148;0,96;0,5617;1,254
15/05/2022;143,82;116,71;0;4,033333;1,1336;0,78;0,786;1,2733
16/05/2022;166,28;182,55;1;4,466667;1,1585;0,71;0,845;1,2805
17/05/2022;211,56;194,94;0,1;6,966667;1,1256;0,31;1,1082;1,2363
18/05/2022;107,51;98,88;11,6;3,866667;1,1108;0,28;1,1231;1,229
19/05/2022;75,41;155,37;5,4;4,566667;0,4841;0,72;0,7768;0,3424
20/05/2022;198,26;nan;0;1,466667;0,4945;0,9;0,5947;0,7279
21/05/2022;194,3;nan;0;2,033333;0,6533;0,93;0,5629;0,7001
22/05/2022;143,24;nan;0;1,233333;0,5644;0,91;0,5679;0,6875
23/05/2022;63,84;nan;0;1,6;0,7685;0,95;0,5229;0,8473
24/05/2022;51,82;nan;0;1,433333;0,9001;0,96;0,5112;0,905
25/05/2022;45,68;nan;0;3,133333;0,9947;0,9;0,5664;1,1249
26/05/2022;154,13;nan;5;2,066667;1,5934;0,73;0,7078;1,7107
27/05/2022;191,71;nan;8,4;1,7;1,0178;0,91;0,6076;1,1878
28/05/2022;154,82;nan;3,1;1,8;;0,88;0,6664;0,9705
29/05/2022;199,17;nan;23,2;3,766667;;0,81;0,7639;0,7283
30/05/2022;216,83;nan;0;3,633333;;0,7;0,8804;0,6392
31/05/2022;175,73;nan;0;1,966667;0,9398;0,76;0,817;1,0662
01/06/2022;71,2;nan;0;2,6;0,9734;0,9;0,685;1,0964
02/06/2022;109,34;nan;0;3,1;;0,78;0,7836;0,8838
03/06/2022;203,36;nan;0;2,033333;;0,82;0,7879;0,9521
04/06/2022;152,2;nan;0;2,5;;1,01;0,5401;0,903
05/06/2022;129,65;nan;0,7;1,1;;0,98;0,6059;0,9644
06/06/2022;94,88;72,03;0,9;1,566667;;0,92;0,6832;0,8526
07/06/2022;75,68;49,84;0,2;1,433333;;0,95;0,6685;0,8824
08/06/2022;62,64;69,41;0;1,633333;;0,99;0,6162;0,9571
09/06/2022;206,11;184,42;0;1,2;;0,96;0,6694;0,9998
10/06/2022;45,43;74,47;0;4,4;0,323;0,7;0,9778;0,538
11/06/2022;167,4;228,99;0;5,466667;0,5465;0,61;1,0198;0,6768
12/06/2022;235,55;213,49;0;3,8;0,4949;0,69;0,9221;0,7268
13/06/2022;90,53;106,9;0;1,5;0,5729;0,9;0,6871;0,5624
14/06/2022;168,72;146,45;0;2,233333;0,835;1;0,5563;0,8744
15/06/2022;229,67;220,14;0;1,366667;0,68;0,97;0,5928;0,8716
16/06/2022;63,65;139,54;0;1,233333;0,8623;0,96;0,615;1,0011
17/06/2022;73,36;113,34;34,2;3,733333;1,4778;0,9;0,7354;1,6054
18/06/2022;92,15;155,53;0;2,8;1,0316;0,81;0,8425;1,1718
19/06/2022;178,21;223,97;0;1,7;;1;0,6227;1,0135
20/06/2022;138,67;110,61;0;1,133333;;0,95;0,6552;0,6898
21/06/2022;81,54;47,21;0;1,633333;;0,95;0,6352;0,7052
22/06/2022;177,83;188,45;2,7;2,466667;;0,77;0,8004;0,8855
23/06/2022;118,59;100,64;23;1,8;;0,92;0,7552;1,0336
24/06/2022;83,81;58,59;0;2,066667;;0,92;0,755;1,041
25/06/2022;78,52;49,55;0,1;2,7;;0,82;0,9015;1,004
26/06/2022;84,1;49,65;0;1,9;;0,96;0,7348;0,951
27/06/2022;149,06;122,97;0;0,866667;;1,01;0,6765;1,0879
28/06/2022;143,35;175,2;25,9;2,533333;;0,96;0,829;0,9457
29/06/2022;183,77;188,83;24,9;3,033333;;0,95;0,877;0,8522
30/06/2022;85,07;102,58;0;1;;1,05;0,7919;0,9433
01/07/2022;56,71;66,9;0;4,3;;1,15;0,7162;0,9294
02/07/2022;104,7;94,42;0;1,833333;;1,14;0,7616;0,8943
03/07/2022;242,45;236,73;0;2,266667;;1,09;0,8342;0,8387
04/07/2022;208,37;192,48;0;2,5;;1,14;0,7921;0,8287
05/07/2022;143,38;217,15;33,6;1,833333;;1,1;0,9168;0,9137
06/07/2022;244,09;211,73;28,9;2,3;;1,24;0,8059;0,8146
07/07/2022;190,18;172,5;17,8;2,066667;;1,19;0,9295;0,8474
08/07/2022;55,04;125,32;0;2,366667;;1,2;0,9284;0,8118
09/07/2022;49,91;39,92;1,8;2,366667;;1,61;0,7374;0,9238
10/07/2022;171,14;182,89;16,5;2,533333;;1,56;0,8137;1,1028
11/07/2022;78,16;236,31;0;3,833333;0,3268;1,26;1,2407;0,6674
12/07/2022;230,13;212,78;41,3;2,966667;0,5328;1,16;1,5504;0,563
13/07/2022;256,45;241,72;0;2,233333;0,6736;1,66;1,1698;0,8856
14/07/2022;143,08;223,3;0;3,633333;0,5864;1,81;1,1429;0,4112
15/07/2022;154,3;167,76;50,2;3,333333;0,7724;1,86;1,2776;0,9699
16/07/2022;154,82;148,32;27,9;3,133333;0,8006;1,67;1,5993;0,9472
17/07/2022;112,23;95,48;28,6;2,366667;0,9782;1,82;1,8252;1,1904
18/07/2022;71,05;42,22;0;1,3;1,4249;2,11;1,721;1,5322
19/07/2022;67,35;106,17;0;1,233333;1,0254;2,15;1,8374;1,1384
20/07/2022;49,64;63,82;0;1,9;;2,31;1,8058;1,0168
21/07/2022;258,58;296,04;0;1,366667;;2,31;1,8724;0,7319
22/07/2022;243,38;241,66;0;1,766667;;2,34;1,9304;0,7121
23/07/2022;210,45;196,99;0,4;1,766667;;2,39;1,9402;0,8175
24/07/2022;105,21;147,96;0;1,033333;;2,18;1,9521;0,759
25/07/2022;37,98;106,72;0,7;2,266667;;2,27;1,9663;0,6207
26/07/2022;49,75;30,12;0;3,066667;;2,45;1,9078;0,7589
27/07/2022;43,98;103,72;0;2,233333;;2,47;1,9455;0,6224
28/07/2022;96,6;259,9;0;4;;2,43;2,0573;0,6651
29/07/2022;210,92;215,44;20,2;4,066667;;2,48;2,3056;0,6722
30/07/2022;163,04;177,24;0;1,4;;2,51;2,0256;0,6615
31/07/2022;109,91;191,09;0;1,633333;;2,33;1,9912;0,7071
01/08/2022;77,2;180,88;0;1,1;;2,32;2,0346;0,7267
02/08/2022;61,7;107,03;0;2,666667;;2,54;1,9842;0,6779
03/08/2022;70,81;39,11;16,6;1,866667;;2,51;1,9675;0,5336
04/08/2022;67,44;32,13;52,5;4,633333;;2,56;2,1693;0,6705
05/08/2022;61,82;29,41;16,5;2,533333;;2,53;2,3387;0,7041
06/08/2022;55,92;25,78;0;2,733333;;2,56;2,2054;0,6932
07/08/2022;147,05;188,24;0;3,666667;;2,64;2,2893;0,7488
08/08/2022;126,58;117,4;0;3,066667;;2,71;2,2837;0,6831
09/08/2022;181,2;171,8;0;3;;2,66;2,3042;0,6496
10/08/2022;195,03;196,81;0;2,8;0,3699;2,66;2,3302;0,6868
11/08/2022;204,08;200,81;0;2,1;0,6099;2,63;2,2144;0,7065
12/08/2022;240,15;222,85;0;2,3;0,6794;2,59;2,1096;0,9099
13/08/2022;237;216,78;0;1,6;0,5396;2,68;2,1412;0,7772
14/08/2022;34,09;167,72;0;2,633333;0,7814;2,29;2,1185;0,9773
15/08/2022;87,86;216,7;1,9;1,7;0,8697;2,45;2,0995;0,9809
16/08/2022;183,09;181,38;14,7;2,633333;1,0942;2,58;2,198;1,2825
17/08/2022;74,68;42,7;0,2;2,266667;1,4084;2,55;2,0202;1,4952
18/08/2022;170,86;208,96;0;4,8;1,0071;2,49;2,4433;1,1106
19/08/2022;197,08;180,1;0;2,9;;2,55;2,2393;0,8818
20/08/2022;113,03;149,26;0;1,866667;;2,5;2,0432;0,7776
21/08/2022;128,09;209,37;0;1,7;;2,49;2,0702;0,6973
22/08/2022;182,89;166,41;0;2;;2,47;2,0813;0,7647
23/08/2022;131,89;132,85;0;2,266667;;2,43;1,9858;0,6645
24/08/2022;85,45;48,44;0;0,733333;;2,12;2,0021;0,6275
25/08/2022;53,14;37,2;0;1,7;;2,32;1,9908;0,7705
26/08/2022;81,2;51,44;4,1;2,133333;;2,42;1,9808;0,7046
27/08/2022;87,15;47,33;0;1,933333;;2,46;1,9586;0,5355
28/08/2022;61,36;28,03;11,8;3,1;;2,38;2,3062;0,3677
29/08/2022;56,18;37,53;0;1,533333;;2,12;2,083;0,5334
30/08/2022;125,87;247,25;0;3;;2,2;1,9052;0,5578
31/08/2022;174,5;161,2;0;2,9;;2,34;1,8255;0,4433
01/09/2022;160,37;161,35;0;1,9;;2,35;1,8791;0,277
02/09/2022;141,76;137,14;12,7;4,066667;;2,39;2,0885;0,3193
03/09/2022;155,9;137,6;0,3;2,9;;2,31;2,0636;0,6978
04/09/2022;192,26;172,28;0;1,533333;;2,31;1,8635;0,7169
05/09/2022;88,66;228,25;0;2,366667;;2,01;1,8251;0,5828
06/09/2022;145,52;165,94;0;2,3;;2,03;1,746;0,5771
07/09/2022;87,32;67,18;2;1,8;;2,2;1,8005;0,694
08/09/2022;163,39;153,67;0;2,566667;;2,19;1,7653;0,5331
09/09/2022;41,48;316,85;0;null;;2,01;2,0081;0,4566
10/09/2022;225,2;211,08;4;3,966667;;2,02;2,0482;0,6071
11/09/2022;166,33;201,64;0;2,033333;;2,1;1,8116;0,4124
12/09/2022;196,95;206,06;0;1,533333;;2,22;1,7358;0,1259
13/09/2022;160,8;179,46;0,7;4,366667;;2,33;1,876;0,7141
14/09/2022;85,4;129,15;0,4;3,133333;;2,41;1,8617;0,3494
15/09/2022;147,39;146,85;3,4;2,166667;;2,14;1,7373;0,426
16/09/2022;171,8;170,65;0;4,8;;1,98;1,5732;0,6791
17/09/2022;118,05;140,55;0;4,966667;;2;1,4228;0,5702
18/09/2022;72,57;120,58;0;5,033333;;1,72;1,3377;0,682
19/09/2022;93,51;94,57;2,4;1,333333;;1,83;1,603;0,4767
20/09/2022;90,52;62,25;0;2,6;;2,05;1,6976;0,408
21/09/2022;85,61;44,78;0;2,133333;;2,11;1,6467;0,3845
22/09/2022;74,17;32,45;15,7;6,3;;2,07;1,9813;0,2952
23/09/2022;167,32;131,91;8,5;3,966667;;1,94;1,9015;0,2627
24/09/2022;230,88;168,39;0;2,4;;1,87;1,5927;0,1875
25/09/2022;178,41;151,32;0;3,933333;;1,92;1,4586;0,149
26/09/2022;96,6;106,83;0;1,966667;;1,97;1,509;0,4748
27/09/2022;68,77;100,66;0;3,133333;;1,9;1,5916;0,473
28/09/2022;64,06;86,27;0;2,466667;;1,88;1,5697;0,4517
29/09/2022;77,67;111,33;0;4,4;;1,75;1,5217;0,3063
30/09/2022;134,74;158,65;0;3,766667;;1,83;1,4485;0,1548
01/10/2022;197,41;186,05;11,1;2,7;;1,95;1,517;0,2295
02/10/2022;147,82;138,52;0,5;1,1;;1,96;1,4908;0,3878
03/10/2022;90,86;146,75;4,2;3,6;;1,66;1,5494;0,539
04/10/2022;219,6;245,69;0;2,833333;;1,88;1,4735;0,4508
05/10/2022;142,12;151,45;0;3,466667;;1,58;1,2677;0,3461
06/10/2022;104,11;173,85;3;3,3;;1,73;1,2438;0,4243
07/10/2022;184,87;166,56;15,9;4,2;;1,8;1,6035;0,3883
08/10/2022;169,66;186,42;0;4,766667;;1,7;1,353;0,0615
09/10/2022;113,15;181,87;2;3,3;;1,6;1,6435;0,4469
10/10/2022;55,84;112,52;0;3,133333;;1,63;1,3227;0,4094
11/10/2022;249,61;242,39;3,6;2,633333;;1,84;1,2525;0,4158
12/10/2022;47,18;234,33;1,8;1,966667;;1,52;1,3899;0,6425
13/10/2022;198,52;225,47;0;3,333333;;1,62;1,3678;0,0273
14/10/2022;170,29;146,08;0;3,533333;;1,81;1,3648;0,2279
15/10/2022;59,03;208,24;0;4,2;;1,75;1,1039;0,496
16/10/2022;248,59;241,48;1;3,633333;;1,69;1,297;0,1856
17/10/2022;220,22;224,54;1;3,966667;;1,6;1,267;0,5036
18/10/2022;153,69;128,97;3,5;5;;1,63;1,055;0,7241
19/10/2022;95,37;101,92;4,4;3,033333;;1,44;1,1083;0,3502
20/10/2022;132,55;131,69;0,2;3,433333;;1,65;1,145;0,2356
21/10/2022;53,56;103,99;36,2;2,3;;1,73;1,2394;0,2892
22/10/2022;57,58;79,37;5,1;2,433333;;1,88;1,2022;0,2258
23/10/2022;63,28;108,23;4,6;2,633333;;1,5;1,2434;0,075
24/10/2022;239,81;220,84;0;3,266667;;1,61;1,0973;0,0698
25/10/2022;231,03;202,82;0;5,766667;;1,59;0,9699;0,2338
26/10/2022;88,84;74,97;0;4,3;;1,37;0,8471;0,3521
27/10/2022;44,39;175,2;0,1;4,233333;;0,85;1,2264;0,2967
28/10/2022;179,92;167,69;0;1,733333;;1,25;1,0388;0,0655
29/10/2022;202,12;194,82;0;2,666667;;1,44;1,0157;0,6447
30/10/2022;52,1;159,13;0;3,3;;1,39;1,1483;0,4276
31/10/2022;82,06;152,94;9,2;4,5;;1,42;1,7304;0,1457
01/11/2022;107,88;118,12;0;3,766667;;1,46;1,3425;0,2444
02/11/2022;182,23;290,95;0;2,033333;;1,47;1,0522;0,3159
03/11/2022;38,69;40,53;0;3,266667;;1,45;1,0533;0,3463
04/11/2022;139,04;159,96;0;3,033333;;1,41;0,9846;0,5244
05/11/2022;60,68;64,2;0;4,533333;;1,41;0,8877;-0,0298
06/11/2022;47,6;121,26;0;4,1;;1,42;0,8619;-0,1005
07/11/2022;37,55;156,37;0;3,9;;1,47;0,8615;-0,1587
08/11/2022;54,73;248,26;0;3,866667;;1,42;0,8734;-0,2016
09/11/2022;104,69;240,51;0;3,233333;;1,47;0,8358;0,0087
10/11/2022;144,44;149,76;0;3,433333;;1,44;0,7944;0,289
11/11/2022;120,57;184,54;0;3,533333;;1,15;0,7397;0,2067
12/11/2022;186,25;219,75;0;3,9;;1,26;0,7628;0,2882
13/11/2022;203,45;151,89;0;0,4;;1,29;0,6883;0,406
14/11/2022;79,1;71,71;6,7;3,7;;1,29;0,7229;0,2938
15/11/2022;66,4;54,79;0,6;5,166667;;1,54;1,0372;0,0583
16/11/2022;119,38;137,04;0;2,933333;;1,55;0,8688;0,2646
17/11/2022;69,54;272,93;0;2,533333;;1,33;0,782;0,1273
18/11/2022;223,22;208,8;0;3,966667;;1,1;0,7333;0,3753
19/11/2022;156,18;132,26;0;4,833333;;1,19;0,4633;0,5368
20/11/2022;55,4;107,44;0;5,1;;1,29;0,4543;0,1454
21/11/2022;154,08;192,21;0;2,633333;;1,23;0,6542;0,1682
22/11/2022;121,43;128,61;17,8;2,066667;;1,26;0,846;0,3741
23/11/2022;153,04;209,88;14;1,633333;;1,29;0,7916;0,2737
24/11/2022;164,43;219,61;0;3,033333;;1,34;0,6217;0,4998
25/11/2022;213,21;204,12;0;3,2;;1,39;0,6147;0,6293
26/11/2022;164,46;182,76;0;3,7;;1,41;0,5684;0,1952
27/11/2022;140,23;184,22;0;4,8;;1,36;0,5307;0,3859
28/11/2022;131,94;139,3;0;4,5;;0,96;0,4827;0,2591
29/11/2022;261,7;246,04;0;5,2;;1,04;0,4291;0,4599
30/11/2022;63,78;158,76;0,3;4,733333;;1,05;0,362;0,6443
01/12/2022;136,1;86,98;0,5;3,4;;1,05;0,417;0,6136
02/12/2022;188,9;168,68;0,8;2,8;;1,07;0,7471;0,4787
03/12/2022;188,43;174,5;0,8;2;;1,08;0,6604;0,3837
04/12/2022;159,87;150,58;0,5;2,266667;;1,17;0,6171;0,3677
05/12/2022;145,15;157,66;0;2,533333;;1,06;0,595;0,6175
06/12/2022;203,64;194,66;0;3,3;;0,97;0,5342;0,3613
07/12/2022;268,16;255,96;0;2,6;;1,06;0,4786;0,5111
08/12/2022;277,34;258,24;0;3,866667;;0,78;0,4295;0,6178
09/12/2022;226,47;203,42;0;3,133333;;0,75;0,4331;0,2481
10/12/2022;93,73;119,88;0;1,9;;0,97;0,48;0,1939
11/12/2022;90,34;154,27;0;3,4;;0,93;0,4416;0,273
12/12/2022;110,76;137,2;0;4,566667;;0,53;0,6452;0,207
13/12/2022;74,89;57,58;0,4;3,033333;;0,85;0,6922;0,0656
14/12/2022;50,41;166,42;0;3,966667;;0,97;0,4171;0,2344
15/12/2022;178,93;212,06;0;2,833333;;1,01;0,4554;0,4498
16/12/2022;234,14;197,5;0;3,333333;;0,9;0,7612;0,2907
17/12/2022;197,73;213,1;0;4,533333;;0,89;0,4293;0,1143
18/12/2022;36,86;189,42;3,6;4,866667;;0,98;0,2413;0,0007
19/12/2022;141,47;288,83;0,5;4,533333;;1,11;0,1377;0,636
20/12/2022;119,19;120,4;7,8;4,866667;;0,95;0,2719;0,6604
21/12/2022;213,2;202,19;0,8;4,433333;;0,61;0,2722;0,4011
22/12/2022;156,92;162,49;0;3,966667;;0,65;0,1514;0,3176
23/12/2022;87,37;140,84;0;5,266667;;0,74;0,0172;0,2108
24/12/2022;87,04;51,8;0;3,566667;;0,77;0,14;0,6243
25/12/2022;186,47;194,43;0;2,9;;0,59;0,5257;0,642
26/12/2022;190,93;188,39;0;2,266667;;0,83;0,4622;0,4361
27/12/2022;65,67;160,7;0;2,633333;;0,76;0,3345;0,4881
28/12/2022;268,71;173,73;2,2;4;;0,72;0,2994;0,4739
29/12/2022;173,32;245,47;1,5;2,9;;0,74;0,4438;0,456
30/12/2022;202,61;214,83;0;3,4;;0,59;0,2214;0,2818
31/12/2022;114,19;131,03;0;2,266667;;0,61;0,2047;0,2715
01/01/2023;34,65;157,7;0;4,466667;;0,64;0,2569;0,4451
02/01/2023;100,7;188,52;0;4,633333;;0,74;0,2687;0,4726
03/01/2023;74,57;178,1;0,7;2,433333;;0,75;0,4217;0,417
04/01/2023;121,13;223,51;0;2,6;;0,72;0,265;0,3868
05/01/2023;61,01;130,73;0;3,4;;0,65;0,2651;0,4114
06/01/2023;143,79;245,12;0;4,8;;0,7;0,084;0,3232
07/01/2023;82,8;94,49;0;4,133333;;0,68;0,0282;0,3807
08/01/2023;44,63;111,89;3;4,1;;0,47;0,0498;0,2953
09/01/2023;72,77;199,2;1;4,733333;;0,52;0,0811;0,6385
10/01/2023;131,3;279,62;0;2,566667;;0,47;0,0386;0,8155
11/01/2023;188,72;181,05;0;2,833333;;0,6;0,0483;0,5459
12/01/2023;173,38;191,88;0;2,8;;0,6;0,1862;0,4606
13/01/2023;170,26;158,57;11,2;2,066667;;0,59;0,2234;0,4704
14/01/2023;82,42;147,5;22,7;3,133333;;0,63;0,3085;0,405
15/01/2023;244,54;238,73;0;2,733333;;0,65;0,1082;0,3794
16/01/2023;75,28;42,75;0;3,7;;0,69;0,0651;0,2549
17/01/2023;163,96;169,48;0;3,633333;;0,69;0,0333;0,2348
18/01/2023;133,5;131,87;0;4;;0,4;-0,0446;-0,0018
19/01/2023;109,73;81,57;0;3,466667;;0,43;-0,0564;0,3448
20/01/2023;46,79;91,29;0;4,1;;0,48;-0,0564;0,7199
21/01/2023;60,63;212,68;0;2,133333;;0,54;-0,0382;0,6962
22/01/2023;83,52;138,13;0;1,4;;0,63;0,1453;0,5114
23/01/2023;227,53;247,26;0;2,633333;;0,49;0,1079;0,4933
24/01/2023;244,44;214,89;0;2,4;;0,41;0,0602;0,6377
25/01/2023;194,1;178,07;0;3,066667;;0,27;-0,0316;0,6518
26/01/2023;158,01;159,77;0;3,466667;;0,41;-0,0628;0,6729
27/01/2023;204,52;189,26;0;3,633333;;0,42;-0,0241;0,3988
28/01/2023;251,26;233,9;0;1,266667;;0,35;0,0768;0,4529
29/01/2023;217,88;251,69;23,2;3,233333;;0,4;0,2128;0,4558
30/01/2023;90,45;125,26;0,2;1,933333;;0,34;0,0568;0,4772
31/01/2023;182,58;195,05;0;2,266667;;0,09;-0,0001;0,415
01/02/2023;59,14;117,67;13,4;2,466667;;0,1;0,0735;0,4395
02/02/2023;184,12;210,11;0;2,533333;;0,45;0,0205;0,5055
03/02/2023;54,84;87,03;4,3;3,466667;;0,47;0,1194;0,3659
04/02/2023;64,94;191,5;0;3,866667;;0,61;0,4017;0,5628
05/02/2023;164,97;185,09;0;4,966667;;0,51;0,39;0,7986
06/02/2023;166,8;291,16;4,5;2,033333;;0,46;0,0249;0,7466
07/02/2023;127,4;148,02;0;2,133333;;0,5;-0,0433;0,658
08/02/2023;211,57;213,85;0;3,966667;;0,55;-0,0692;0,3174
09/02/2023;178,8;187,03;48,3;4,5;;0,69;0,0143;0,2943
10/02/2023;99,9;174,58;0;1,966667;;0,38;0,0458;0,2059
11/02/2023;80,89;45,34;0;2,566667;;0,25;-0,0174;0,2846
12/02/2023;58,05;112,42;0;3,133333;;0,52;-0,0751;0,3164
13/02/2023;110,5;82,11;0;3,233333;;0,18;-0,2123;0,4172
14/02/2023;138,53;131,34;2,2;2,6;;0,08;0,0252;0,7873
15/02/2023;175,95;194,82;0,5;2,366667;;0,34;0,2038;1,3652
16/02/2023;158,94;200,96;0;3,3;;0,36;-0,0777;1,1977
17/02/2023;137,59;119,17;3,4;5,866667;;0,33;0,4292;1,3446
18/02/2023;188,97;182,81;0;3,733333;;0,39;0,4516;1,2727
19/02/2023;198;174,71;0;2,333333;;0,44;0,0655;1,2849
20/02/2023;155,05;224,67;0;1,066667;;0,41;-0,0006;1,3234
21/02/2023;131,3;163,47;10,5;2,133333;;0,33;0,0515;1,278
22/02/2023;251,25;244,28;3,6;2,633333;;0,26;-0,0225;1,2128
23/02/2023;240,51;219,13;0;4,866667;;0,38;-0,1532;
24/02/2023;162,06;208,82;0;2,233333;;0,46;-0,144;
25/02/2023;108,33;139,05;1,2;1,5;;0,4;0,0212;
26/02/2023;35,24;25,9;17,8;2,5;;0,45;0,1093;
27/02/2023;31,38;185,14;0;3,5;;0,44;-0,0098;
28/02/2023;31,74;105,85;0;2,733333;;0,29;-0,1612;
01/03/2023;198,74;191,5;2,7;4,066667;;0,26;-0,1091;
02/03/2023;134,45;110,48;0;2,7;;0,36;-0,1684;
03/03/2023;104,84;84,92;0;1,833333;;0,37;-0,1165;
04/03/2023;266,93;212,26;4,8;2,366667;;0,3;-0,0044;
05/03/2023;182,3;207,36;29,4;3,033333;;0,29;0,0967;
06/03/2023;175,78;192,44;0;3,733333;;0,42;-0,0164;
07/03/2023;104,98;158,13;1;2,966667;;0,49;-0,0651;
08/03/2023;174,57;265,15;0;2,066667;;0,51;0,0268;
09/03/2023;145,21;179,88;0;3,866667;;0,5;0,0106;
10/03/2023;87,68;59,52;0;3,1;;0,55;-0,1063;
11/03/2023;64,91;184,03;0;3,2;;0,56;-0,1927;
12/03/2023;204,16;199,96;0;3,866667;;0,5;-0,2274;
13/03/2023;107,54;120,4;0;4,7;;0,45;-0,2773;
14/03/2023;255,69;246,79;0;4,866667;;0,28;-0,3363;
15/03/2023;139,2;227,21;0;4,566667;;0,39;-0,3857;
16/03/2023;128,04;128,46;0;5,3;;0,22;-0,4074;
17/03/2023;94,06;120,5;0;1,833333;;0,24;-0,1924;
18/03/2023;171,21;207,98;19,3;2,3;;0,32;0,0033;
19/03/2023;204,55;232,82;0;2,333333;;0,55;-0,0629;
20/03/2023;67,45;135,6;0;1,833333;;0,33;0,0386;
21/03/2023;55,69;95,22;0,2;1,7;;0,56;0,1198;
22/03/2023;173,98;;0,5;4,2;;0,1;0,0017;
23/03/2023;265,79;;24,4;2,266667;;0,27;-0,1969;
24/03/2023;279,41;;3,8;2,433333;;0,5;0,0149;
25/03/2023;231,36;;0;4,366667;;0,43;-0,1541;
26/03/2023;37,67;;23,7;3,7;;0,25;0,2896;
27/03/2023;175,53;;0;3;;0,32;0,2042;
28/03/2023;191,99;;0;2,433333;;-0,02;-0,1065;
29/03/2023;213,67;;0;2,066667;;0,32;-0,0622;
30/03/2023;186,55;;18,3;2,6;;0,38;0,1008;
31/03/2023;186,86;;0,2;4,1;;0,28;0,0999;
01/04/2023;195,29;;0,4;4,133333;;0,34;0,5483;
02/04/2023;261,94;;0;2,533333;;0,36;0,146;
03/04/2023;;;0;2,433333;;0,34;0,0214;
04/04/2023;;;0;2,633333;;0,32;0,1492;
05/04/2023;;;0;2,733333;;0,38;0,0482;
06/04/2023;;;2,5;2,466667;;0,36;-0,0093;
07/04/2023;;;1;2,4;;0,41;0,0465;
08/04/2023;;;0;2,266667;;0,3;0,0563;
09/04/2023;;;0;2,2;;0,13;-0,0055;
10/04/2023;;;0;1,733333;;0,22;0,0143;
11/04/2023;;;0;2,133333;;0,28;-0,0269;
12/04/2023;;;0;2,966667;;0,25;0,0337;
13/04/2023;;;13,7;2,866667;;0,15;0,3542;
14/04/2023;;;0;2,133333;;0,34;0,2106;
15/04/2023;;;0;2,066667;;0,19;0,1088;
16/04/2023;;;5,1;2,5;;0,11;0,1426;
17/04/2023;;;0;2,9;;0,36;0,3154;
18/04/2023;;;0;3,533333;;0,34;0,1198;
19/04/2023;;;0;5,366667;;0,31;0,247;
20/04/2023;;;0;3,133333;;0,35;0,3464;
21/04/2023;;;0;2,633333;;0,39;-0,0171;
22/04/2023;;;0;1,033333;;0,31;-0,0191;
23/04/2023;;;0;2,733333;;0,24;0,0184;
24/04/2023;;;0;4,1;;0,32;-0,0392;
25/04/2023;;;0;1,633333;;0,48;-0,1409;
26/04/2023;;;1,3;2,2;;0,51;0,0188;
27/04/2023;;;0,5;2,566667;;0,16;0,1708;
28/04/2023;;;0;1,633333;;0,22;0,0246;
29/04/2023;;;0;2,9;;0,3;-0,1467;
30/04/2023;;;0;1,966667;;0,31;-0,2116;
01/05/2023;;;0;2,466667;;0,34;0,1503;
02/05/2023;;;20,9;1,9;;0,49;0,1432;
03/05/2023;;;13,5;1,533333;;0,44;0,0348;
04/05/2023;;;11,6;2,533333;;0,35;0,0135;
05/05/2023;;;4;2,966667;;0,41;-0,0431;
06/05/2023;;;31,3;2,133333;;0,37;-0,1115;
07/05/2023;;;26,8;1,466667;;0,22;0,1175;
08/05/2023;;;32,2;3,733333;;0,49;0,3091;
09/05/2023;;;0;2,433333;;0,6;0,3612;
10/05/2023;;;0;3,666667;;0,51;0,4697;
11/05/2023;;;0;3,966667;;0,51;0,5957;
12/05/2023;;;0;1,533333;;0,54;0,3007;
13/05/2023;;;0;2,1;;0,65;0,1745;
14/05/2023;;;0;2,2;;0,67;0,2331;
15/05/2023;;;0;2,066667;;0,52;0,2405;
16/05/2023;;;0;null;;0,45;0,1871;
17/05/2023;;;0;3,4;;0,54;0,0385;
18/05/2023;;;0;1,366667;;0,56;0,0855;
19/05/2023;;;0;1,866667;;0,55;0,1994;
20/05/2023;;;0;2,066667;;0,59;0,2457;
21/05/2023;;;0;2;;0,56;0,1676;
22/05/2023;;;0;1,766667;;0,46;0,1542;
23/05/2023;;;0;1,633333;;0;0,1627;
24/05/2023;;;0;2,3;;0,08;0,0954;
25/05/2023;;;0;1,833333;;0,49;0,1508;
26/05/2023;;;0;3,4;;0,52;0,0745;
27/05/2023;;;17,5;3,766667;;0,48;0,4816;
28/05/2023;;;0;2,733333;;0,07;0,499;
29/05/2023;;;0;2,666667;;0;0,2818;
30/05/2023;;;0;1,833333;;0;0,1918;
31/05/2023;;;0;1,633333;;0;0,2291;
01/06/2023;;;0;1,066667;;0,11;0,1977;
02/06/2023;;;0;null;;0,24;0,1502;
03/06/2023;;;0;1,633333;;0;0,1473;
04/06/2023;;;0;1,7;;0;0,2186;
05/06/2023;;;0;2,6;;0;0,3601;
06/06/2023;;;0;2,4;;0;0,1047;
07/06/2023;;;0;1,8;;0,13;0,2007;
08/06/2023;;;0;1,466667;;0,13;0,1507;
09/06/2023;;;0;2,7;;0,23;0,1455;
10/06/2023;;;0;2,8;;0,29;0,3837;
11/06/2023;;;8,1;3,733333;;0,3;0,6484;
12/06/2023;;;0;4,133333;;0,25;0,578;
13/06/2023;;;0;3,666667;;0,26;0,414;
14/06/2023;;;0;2,733333;;0,37;0,2986;
15/06/2023;;;0;1,733333;;0,43;0,2663;
16/06/2023;;;18,6;5,533333;;0,44;0,4254;
17/06/2023;;;0,5;3;;0,51;0,4071;
18/06/2023;;;0;2,5;;0,48;0,406;
19/06/2023;;;0;1,533333;;0,54;0,1948;
20/06/2023;;;0;2,033333;;0,55;0,2345;
21/06/2023;;;0;1,633333;;0,49;0,2356;
22/06/2023;;;12,8;1,766667;;0,6;0,2987;
23/06/2023;;;0;1,466667;;0,54;0,1922;
24/06/2023;;;0;1,966667;;0,49;0,2159;
25/06/2023;;;0;1,866667;;0,6;0,2814;
26/06/2023;;;11,8;2,366667;;0,7;0,1677;
27/06/2023;;;0;1,633333;;0,71;0,3239;
28/06/2023;;;10,6;4,333333;;0,76;0,5948;
29/06/2023;;;0;1,466667;;0,84;0,4881;
30/06/2023;;;0;2,433333;;0,79;0,4011;